True Negatives,False Positives,False Negatives,True Positives,Precision,Recall,F1-Score,Balanced Accuracy,AUC
421,62,99,18,0.225,0.15384615384615385,0.18274111675126903,0.5127408823060997,0.5315336837075968
